sku,name
WAV-90X200,Blat WAVE 90x200 Surowy
WAV-PRGR,Blat WAVE
AF.797.564.03,Mapa Świata GLOBTROTER
UF.L01-OL-ZD-140,Łóżko drewniane dębowe URBAN FOREST 1 140x200
UF.L01-OL-ZD-160,Łóżko drewniane dębowe URBAN FOREST 1 160x200
UF.L01-OL-ZD-180,Łóżko drewniane dębowe URBAN FOREST 1 180x200
UF.L01-OL-ZD-PRGR,Łóżko drewniane URBAN FOREST 1 
UF.L01-OL-ZPN023-140,Łóżko drewniane z panelem tapicerowanym URBAN FOREST 2 140x200
UF.L01-OL-ZPN023-160,Łóżko drewniane z panelem tapicerowanym URBAN FOREST 2 160x200
UF.L01-OL-ZPN023-180,Łóżko drewniane z panelem tapicerowanym URBAN FOREST 2 180x200
UF.L01-OL-ZPN023-PRGR,Łóżko drewniane URBAN FOREST 2
UF.L01-OL-ZPN041-140,Łóżko drewniane z panelem tapicerowanym URBAN FOREST 3 140x200
UF.L01-OL-ZPN041-160,Łóżko drewniane z panelem tapicerowanym URBAN FOREST 3 160x200
UF.L01-OL-ZPN041-180,Łóżko drewniane z panelem tapicerowanym URBAN FOREST 3 180x200
UF.L01-OL-ZPN041-PRGR,Łóżko drewniane URBAN FOREST 3
UF.L02-OL-ZD-140,Łóżko drewniane dębowe URBAN FOREST 4 140x200
UF.L02-OL-ZD-160,Łóżko drewniane dębowe URBAN FOREST 4 160x200
UF.L02-OL-ZD-180,Łóżko drewniane dębowe URBAN FOREST 4 180x200
UF.L02-OL-ZD-PRGR,Łóżko drewniane URBAN FOREST 4
UF.L02-OL-Z94-140,Łóżko drewniane z wezgłowiem tapicerowanym URBAN FOREST 5 140x200
UF.L02-OL-Z94-160,Łóżko drewniane z wezgłowiem tapicerowanym URBAN FOREST 5 160x200
UF.L02-OL-Z94-180,Łóżko drewniane z wezgłowiem tapicerowanym URBAN FOREST 5 180x200
UF.L02-OL-Z94-PRGR,Łóżko drewniane URBAN FOREST 5
UF.L02-OL-Z244-140,Łóżko drewniane z wezgłowiem tapicerowanym URBAN FOREST 6 140x200
UF.L02-OL-Z244-160,Łóżko drewniane z wezgłowiem tapicerowanym URBAN FOREST 6 160x200
UF.L02-OL-Z244-180,Łóżko drewniane z wezgłowiem tapicerowanym URBAN FOREST 6 180x200
UF.L02-OL-Z244-PRGR,Łóżko drewniane URBAN FOREST 6
UF.SN01-OL,Szafka nocna drewniana URBAN FOREST 1
UF.SN02-OL,Szafka nocna drewniana URBAN FOREST 2
UF.SN03-OL,Szafka nocna drewniana URBAN FOREST 3
E155.KA,Hak MAŁY ANTYCZNA MIEDŹ 40mm
49.336D.AC.70,Hak DROBNY S ANTYCZNA MIEDŹ
49.336.AC.115,Hak POTRÓJNY ZAOKRĄGLONY 115 cm
31.336A.AC.113,Hak RAMKA NA ETYKIETĘ 113 mm
01.336F.AC.125,Hak wieszakowy ŁABĘDZIA SZYJA 130 mm
01.620A.AC.100,Uchwyt na papier toaletowy BURY ST LONDON
70.087P.AC.96,Uchwyt PRASOWANY 96 mm ANTYCZNA MIEDŹ
49.087.AC.98,Uchwyt POSTARZANY 98 mm
03.087P.AB.76,Uchwyt PRASOWANY 76 mm ANTYCZNE ZŁOTO
K107.AL,Uchwyt POLEROWANY
70.086.AC.32B,Gałka meblowa POKRĘTŁO
70.086.SB.35B,Gałka meblowa ZŁOTA 35 mm
70.086.SB.25B,Gałka meblowa ZŁOTA 25 mm
A142,Gałka meblowa POLEROWANA
WX.SH1.GG.ANT,Deszczownica antyczny mosiądz GOLD GLEN 1
WX.HT99032.BLA,Bateria prysznicowa LOLA 2
ZA.006-C10-150,Uchwyt HENRY
ZA.007-C10-150,Uchwyt MARK
ZA.DR8-40X20-CZ,Noga metalowa do regału DRABINA 40x20mm CZARNA - KOMPLET
ZA.DR8-40X20-CZ-1,Noga metalowa do regału DRABINA 40x20mm STALOWA - KOMPLET
ZA.DOS-CZ,Dostawka do stołu DEXTER
ZA.D.DYS-CZ,Zestaw dystansów do dostawki stołu DEXTER
ZA.DOS.CZ.PRGR,System dostawki do stołu DEXTER
ZA.DR8XX,Noga metalowa do regału DRABINA
DS.01,Deska dębowa do serów BASIC
FRM-OL-80x120,Blat FRAME 80x120 Olej Naturalny
FRM-OL-80x140,Blat FRAME 80x140 Olej Naturalny
FRM-OL-80x160,Blat FRAME 80x160 Olej Naturalny
FRM-OL-80x180,Blat FRAME 80x180 Olej Naturalny
FRM-OL-80x200,Blat FRAME 80x200 Olej Naturalny
FRM-OL-90x120,Blat FRAME 90x120 Olej Naturalny
FRM-OL-90x140,Blat FRAME 90x140 Olej Naturalny
FRM-OL-90x160,Blat FRAME 90x160 Olej Naturalny
FRM-OL-90x200,Blat FRAME 90x200 Olej Naturalny
FRM-OL,Blat FRAME
FRM-OL-90x180,Blat FRAME 90x180 Olej Naturalny
PRI-80x120,Blat PRINSTIN 80x120 Szczotkowany Wosk Brąz
PRI-80x140,Blat PRINSTIN 80x140 Szczotkowany Wosk Brąz
PRI-80x160,Blat PRINSTIN 80x160 Szczotkowany Wosk Brąz
PRI-80x200,Blat PRINSTIN 80x200 Szczotkowany Wosk Brąz
PRI-90X120,Blat PRINSTIN 90x120 Szczotkowany Wosk Brąz
PRI-90X140,Blat PRINSTIN 90x140 Szczotkowany Wosk Brąz
PRI-90X160,Blat PRINSTIN 90x160 Szczotkowany Wosk Brąz
PRI-90X180,Blat PRINSTIN 90x180 Szczotkowany Wosk Brąz
PRI-90X200,Blat PRINSTIN 90x200 Szczotkowany Wosk Brąz
PRI-80X180,Blat PRINSTIN 80x180 Szczotkowany Wosk Brąz
PRI-PRGR,Blat PRINSTIN SZCZOTKOWANY
24466Z03500.23,Gałka meblowa GLORIA 35 mm różowe złoto
24466.03000.11,Gałka meblowa GLORIA 30 mm złota
24466Z03500.12,Gałka meblowa GLORIA 35 mm mosiądz
24466Z.PRGR,Gałka meblowa GLORIA
25568Z04600.N2,Gałka meblowa FILAR 45 mm czarna
25568Z04600.19,Gałka meblowa FILAR 45 mm stalowa
25568Z04600.PRGR,Gałka meblowa FILAR
24162Z03200.94,Gałka meblowa FIBER
24466.03500.03,Gałka meblowa ANTYK 35 mm mosiądz antyczny
24466.03000.03,Gałka meblowa ANTYK 30 mm mosiądz antyczny
24466Z03500.09,Gałka meblowa ANTYK 35 mm złoto antyczne
15120Z06400.23,Uchwyt meblowy muszlowy PROMIENNY 95 mm różowe złoto
15120Z06400.12,Uchwyt meblowy muszlowy PROMIENNY 95 mm mosiądz
15120Z06400.29,Uchwyt meblowy muszlowy PROMIENNY 95 mm miedziany
15120Z06400.11,Uchwyt meblowy muszlowy PROMIENNY 95 mm szampański
15120Z06400.DC,Uchwyt meblowy muszlowy ANTYK 95 mm miedź antyczna
15120Z06400.07,Uchwyt meblowy muszlowy ANTYK 95 mm złoto postarzane
15120Z06400.DM,Uchwyt meblowy muszlowy ANTYK 95 mm antyczne złoto
15120Z06400.03,Uchwyt meblowy muszlowy ANTYK 95 mm mosiądz antyczny
15120Z.PRGR,Uchwyt meblowy muszlowy ANTYK 95 mm
15121.08800.03,Uchwyt meblowy muszlowy ABAKUS 88 mm
15121.07400.03,Uchwyt meblowy muszlowy ABAKUS 74 mm
15121.PRGR,Uchwyt meblowy muszlowy ABAKUS
24247Z05000.11,Gałka meblowa FINEZYJNA
15197Z16000.29,Uchwyt meblowy rączka HERKULES 183 mm miedź antyczna
15197Z16000.94,Uchwyt meblowy rączka HERKULES 183 mm postarzane żelazo
15197Z16000.PRGR,Uchwyt meblowy HERKULES 183 mm
15217Z16000.11,Uchwyt meblowy rączka STILE 180 mm szampański
15217Z16000.23,Uchwyt meblowy rączka STILE 180 mm różowe złoto
15217Z16000.12,Uchwyt meblowy rączka STILE 180 mm mosiądz
15217Z16000.N2,Uchwyt meblowy rączka STILE 180 mm czarny
15217Z16000.PRGR,Uchwyt meblowy STILE 180 mm
15097Z16020.94,Uchwyt meblowy MASYWNY 178 mm
15097Z03200.94,Uchwyt meblowy MASYWNY 50 mm
15097Z22420.94,Uchwyt meblowy MASYWNY 242 mm
15165Z16000.94,Uchwyt meblowy rączka FABRYCZNY 200 mm
15165Z12800.94,Uchwyt meblowy rączka FABRYCZNY 170 mm
SE.SPK-307,Prowadnica ALMERIA CZARNA
WM.D.N01-OL,Noga PROSTA 71x8 cm DĘBOWA OLEJ NATURALNY
WM.D.N01-BR,Noga PROSTA 71x8 cm DĘBOWA OLEJ BRĄZ
WM.D.N01,Noga PROSTA 71x8 cm DĘBOWA SUROWA
WM.D.N01.PRGR,Nogi PROSTĘ DĘBOWE
15120Z0640.PRGR,Uchwyt meblowy PROMIENNY 95 mm
15097Z.PRGR,Uchwyt meblowy MASYWNY
15165Z09600.94,Uchwyt meblowy rączka FABRYCZNY 135 mm
15165Z.PRGR,Uchwyt meblowy FABRYCZNY
24466.PRGR,Gałka meblowa ANTYK
15247Z12800.11,Uchwyt meblowy FINEZYJNY 170 mm
15162Z12800.94,Uchwyt meblowy FIBER 145 mm
ZA.T1.WE-C10,Hoker WESTERN EDITION CZARNY
ZA.T1.WE-PRGR,Hoker WESTERN EDITION
SE.A072.B,Prowadnica OLD BYPASS
SE.SPK-304,Prowadnica PODKOWA SPK
ZA.K1-CZ-R,Krzesło STRONG
A114.AL,Gałka meblowa POSTARZANA
01.086F.AC.32,Gałka meblowa KULA ANTYCZNA MIEDŹ
QZ.CF-011-CH,Bateria kuchenna stojąca chrom WORLDWIDE
QZ.CF-011-CZ,Bateria kuchenna stojąca czarna WORLDWIDE
QZ.CF-022-CH,Bateria kuchenna stojąca chrom BENT
QZ.CF-001-CH,Bateria kuchenna stojąca chrom SIMPLE
QZ.CF-001-AMD,Bateria kuchenna stojąca antyczny mosiądz SIMPLE
QZ.CF-156-ST,Bateria kuchenna stojąca stalowa SLENDER
QZ.CF-156-AMD,Bateria kuchenna stojąca antyczny mosiądz SLENDER
QZ.CF-149-CH,Bateria kuchenna stojąca chrom DOUBLE
QZ.CF-135-CZ,Bateria kuchenna stojąca czarna CORNY
QZ.CF-135-AZL,Bateria kuchenna stojąca antyczny mosiądz CORNY
QZ.CF-163-RZL,Bateria kuchenna stojąca antyczny brąz PLAIN
QZ.CF-163-AMD,Bateria kuchenna stojąca antyczny mosiądz PLAIN
QZ.CF-149-CZ,Bateria kuchenna stojąca czarna DOUBLE
QZ.CF-001-CZ,Bateria kuchenna stojąca czarna SIMPLE
IN.C013,Tabliczka dekoracyjna metalowa I LOVE SEX
IN.C015,Tabliczka dekoracyjna metalowa I LOVE BED
IN.C031,Tabliczka dekoracyjna metalowa LOVE 2
IN.C038,Tabliczka dekoracyjna metalowa NEW YORK
IN.C056,Tabliczka dekoracyjna metalowa I LOVE LAS VEGAS
IN.C124,Tablica rejestracyjna z USA metalowa ARIZONA 2
IN.C128,Tabliczka dekoracyjna metalowa GOOD DAY
IN.C157,Tablica rejestracyjna z USA metalowa NEW YORK 2
IN.C173,Tabliczka dekoracyjna metalowa LOVE 3
IN.C187,Tabliczka dekoracyjna metalowa BORN TO RIDE
IN.C190,Tabliczka dekoracyjna metalowa ITALY
IN.C191,Tabliczka dekoracyjna metalowa FRANCE
IN.C135,Tabliczka dekoracyjna metalowa TOILET MEN
IN.C203,Tabliczka dekoracyjna metalowa TOILET WOMEN
IN.C200,Tabliczka dekoracyjna metalowa ONE LOVE
IN.C212,Tablica rejestracyjna z USA metalowa MARYLAND
IN.C240,Tablica rejestracyjna z USA metalowa ARKANSAS
IN.C242,Tablica rejestracyjna z USA metalowa HAWAII 3
IN.C243,Tabliczka dekoracyjna metalowa CALIFORNIA 66 ROUTE
IN.C244,Tabliczka dekoracyjna metalowa LIFE IS GOOD
IN.C264,Tabliczka dekoracyjna metalowa LOVE THE BEACH
IN.C266,Tabliczka dekoracyjna metalowa VINTAGE MOTORCYCLE
IN.C290,Tablica rejestracyjna metalowa JAPAN
IN.C291,Tablica rejestracyjna metalowa QATAR
IN.C292,Tablica rejestracyjna z USA metalowa CALIFORNIA
IN.C301,Tablica rejestracyjna z USA metalowa NSW
IN.C311,Tablica rejestracyjna z USA metalowa OHIO
IN.C334,Tablica rejestracyjna z USA metalowa ILLINOIS
IN.C353,Tablica rejestracyjna z USA metalowa MAINE
IN.C365,Tablica rejestracyjna z USA metalowa HAWAII 4
IN.C366,Tablica rejestracyjna z USA metalowa IDAHO
IN.C377,Tablica rejestracyjna z USA metalowa UTAH 2
IN.C378,Tablica rejestracyjna z USA metalowa VIRGINIA
IN.C381,Tabliczka dekoracyjna metalowa FERRARI 3
IN.20037,Tabliczka dekoracyjna metalowa LOVE AND LAUGH
IN.20038,Tabliczka dekoracyjna metalowa WINK IF YOU WANT ME
IN.20039,Tabliczka dekoracyjna metalowa QUALITY & FUN
IN.20040,Tabliczka dekoracyjna metalowa SMILE IF YOU LIKE ME
IN.20371,Tabliczka dekoracyjna metalowa OLD SCHOOL GAME
IN.20511,Tabliczka dekoracyjna metalowa HOMER SIMPSON
IN.20447,Tabliczka dekoracyjna metalowa MARIO
IN.20442,Tabliczka dekoracyjna metalowa PIKACHU
IN.20448,Tabliczka dekoracyjna metalowa RÓŻOWA PANTERA
IN.20256,Tabliczka dekoracyjna metalowa GAMERS ONLY
IN.20129,Tabliczka dekoracyjna metalowa KAPITAN AMERYKA
IN.20049,Tabliczka dekoracyjna metalowa AMAZING SPIDER-MAN
IN.20059,Tabliczka dekoracyjna metalowa IRON MAN
IN.20007,Tabliczka dekoracyjna metalowa BATMAN
IN.10035,Tabliczka dekoracyjna metalowa BOURBON WHISKEY
IN.10084,Tabliczka dekoracyjna metalowa FARM FRESH MILK
IN.10091,Tabliczka dekoracyjna metalowa JIM BEAM 
IN.10106,Tabliczka dekoracyjna metalowa CAFE LATTE
IN.10149,Tabliczka dekoracyjna metalowa COFFEE TIME
IN.10150,Tabliczka dekoracyjna metalowa COFFEE BEANS
IN.10172,Tabliczka dekoracyjna metalowa JIM BEAM BOURBON WHISKEY
IN.10173,Tabliczka dekoracyjna metalowa JIM BEAM BLACK
IN.10197,Tabliczka dekoracyjna metalowa HOW TO ORDER A BEER
IN.10212,Tabliczka dekoracyjna metalowa FREE BEER TOMORROW
IN.10213,Tabliczka dekoracyjna metalowa BEST BEER
IN.10227,Tabliczka dekoracyjna metalowa BEERS OF THE WORLD
IN.10229,Tabliczka dekoracyjna metalowa BEERS AROUND OF THE WORLD
IN.10230,Tabliczka dekoracyjna metalowa CHEERS 1
IN.10231,Tabliczka dekoracyjna metalowa CHEERS 2
IN.10244,Tabliczka dekoracyjna metalowa ITALIA CAFFE
IN.10484,Tabliczka dekoracyjna metalowa GROLSCH PREMIUM LAGER
IN.11019,Tabliczka dekoracyjna metalowa MARTINI
IN.11039,Tabliczka dekoracyjna metalowa BACARDI
IN.11051,Tabliczka dekoracyjna metalowa ABSOLUT VODKA
IN.11070,Tabliczka dekoracyjna metalowa TULLAMORE DEW IRISH WHISKEY
IN.11105,Tabliczka dekoracyjna metalowa MALIBU
IN.11148,Tabliczka dekoracyjna metalowa BEACH BAR
IN.70087,Tabliczka dekoracyjna metalowa BURGERS
IN.70111,Tabliczka dekoracyjna metalowa POPCORN 1
IN.60089,Tabliczka dekoracyjna metalowa SENTENCJA
IN.60090,Tabliczka dekoracyjna metalowa SENTENCJA 1
IN.60091,Tabliczka dekoracyjna metalowa SENTENCJA 2
IN.60092,Tabliczka dekoracyjna metalowa SENTENCJA 3
IN.60093,Tabliczka dekoracyjna metalowa SENTENCJA 4
IN.60094,Tabliczka dekoracyjna metalowa SENTENCJA 5
IN.60135,Tabliczka dekoracyjna metalowa SHARK ZONE
IN.60143,Tabliczka dekoracyjna metalowa BLACK CAT
IN.60338,Tabliczka dekoracyjna metalowa CALICO CAT
IN.60345,Tabliczka dekoracyjna metalowa MY LORD
IN.60250,Tabliczka dekoracyjna metalowa BEWARE OF THE COBRA
IN.60251,Tabliczka dekoracyjna metalowa BEWARE OF THE PIG
IN.60252,Tabliczka dekoracyjna metalowa BEWARE OF THE DRAGON
IN.60254,Tabliczka dekoracyjna metalowa BEWARE OF THE ELEPHANT
IN.60255,Tabliczka dekoracyjna metalowa BEWARE OF THE FOX
IN.60264,Tabliczka dekoracyjna metalowa BEWARE OF THE SHARK
IN.60259,Tabliczka dekoracyjna metalowa BEWARE OF THE TARANTULA
IN.60272,Tabliczka dekoracyjna metalowa BEWARE OF THE CAT
IN.60273,Tabliczka dekoracyjna metalowa BEWARE OF THE BIRDS
IN.60274,Tabliczka dekoracyjna metalowa BEWARE OF THE CAMEL
IN.30970,Tabliczka dekoracyjna metalowa WE DON’T CALL 911
IN.30967,Tabliczka dekoracyjna metalowa WE DON’T CALL 911 1
IN.30937,Tabliczka dekoracyjna metalowa EAT SLEEP WORK REPEAT
IN.30943,Tabliczka dekoracyjna metalowa CAMERA
IN.30940,Tabliczka dekoracyjna metalowa I AM NOT RETIRED
IN.30946,Tabliczka dekoracyjna metalowa INSTALLING MUSCLES
IN.30929,Tabliczka dekoracyjna metalowa FLAGA HISZPANII
IN.30928,Tabliczka dekoracyjna metalowa FLAGA URUGWAJU
IN.30926,Tabliczka dekoracyjna metalowa FLAGA TUNEZJI
IN.30924,Tabliczka dekoracyjna metalowa FLAGA SENEGALU
IN.30923,Tabliczka dekoracyjna metalowa FLAGA SERBII
IN.30922,Tabliczka dekoracyjna metalowa FLAGA SZWAJCARII
IN.30921,Tabliczka dekoracyjna metalowa FLAGA PORTUGALII
IN.30920,Tabliczka dekoracyjna metalowa FLAGA MEKSYKA
IN.30919,Tabliczka dekoracyjna metalowa FLAGA CHORWACJI
IN.30918,Tabliczka dekoracyjna metalowa FLAGA KAMERUNU
IN.30916,Tabliczka dekoracyjna metalowa FLAGA FRANCJI
IN.30915,Tabliczka dekoracyjna metalowa FLAGA EKWADORU
IN.30914,Tabliczka dekoracyjna metalowa FLAGA NIEMIECKA
IN.30913,Tabliczka dekoracyjna metalowa FLAGA DANII
IN.30912,Tabliczka dekoracyjna metalowa FLAGA BELGII
IN.30911,Tabliczka dekoracyjna metalowa FLAGA BRAZYLII
IN.30909,Tabliczka dekoracyjna metalowa FLAGA POLSKI
IN.30908,Tabliczka dekoracyjna metalowa FLAGA GHANY
IN.30907,Tabliczka dekoracyjna metalowa FLAGA ARGENTYNY
IN.30878,Tabliczka dekoracyjna metalowa DANGER MINEFIELD
IN.30873,Tabliczka dekoracyjna metalowa BIKE LANE
IN.30830,Tabliczka dekoracyjna metalowa WOODSTOCK FESTIVAL
IN.30775,Tabliczka dekoracyjna metalowa FLAGA KANADY
IN.30776,Tabliczka dekoracyjna metalowa FLAGA CZESKA
IN.30779,Tabliczka dekoracyjna metalowa FLAGA HOLANDII
IN.30780,Tabliczka dekoracyjna metalowa FLAGA WIELKIEJ BRYTANII
IN.30755,Tabliczka dekoracyjna metalowa MUSIC ROCK
IN.30759,Tabliczka dekoracyjna metalowa NO SPECIAL TALENT
IN.30743,Tabliczka dekoracyjna metalowa WARNING PSYCHO
IN.30721,Tabliczka dekoracyjna metalowa WEAR FACE MASK
IN.30592,Tabliczka dekoracyjna metalowa CUSTOMER PARKING
IN.30593,Tabliczka dekoracyjna metalowa CUSTOMER PARKING 1
IN.30584,Tabliczka dekoracyjna metalowa PAYMENT CASH ONLY
IN.30393,Tabliczka dekoracyjna metalowa APPLE COMPUTER
IN.10162,Tabliczka dekoracyjna metalowa COFFEE SENTENCE
IN.30057,Tabliczka dekoracyjna metalowa FAMILY RULES
IN.30108,Tabliczka dekoracyjna metalowa BRIGHT SIDE OF LIFE
IN.30194,Tabliczka dekoracyjna metalowa BEAUTIFUL DAUGHTER
IN.30335,Tabliczka dekoracyjna metalowa HARD TO BE A WOMAN
AG.6215,Zamknięcie okiennicy GIRONA
B.KOLN-RD,Klamka okienna LINCOLN POSTARZANA
B.KOBL-RD,Klamka okienna BRISTOL POSTARZANA
B.KOBL2-RD,Klamka okienna BRISTOL II POSTARZANA
B.LNKL-72-RD,Klamka LINCOLN POSTARZANA z szyldem na klucz 72 mm
B.LNWK-72-RD,Klamka LINCOLN POSTARZANA z szyldem na wkładkę 72 mm
B.LNBO-RD,Klamka LINCOLN POSTARZANA z szyldem bez otworu
B.LNWC-72-RD,Klamka LINCOLN POSTARZANA z szyldem WC 72 mm
B.KOLN.RD.PRGR,Klamki do drzwi LINCOLN POSTARZANA
B.BLKL-72-RD,Klamka BRISTOL POSTARZANA z szyldem na klucz 72mm
B.BLWC-72-RD,Klamka BRISTOL POSTARZANA z szyldem WC 72mm
B.BLBO-RD,Klamka BRISTOL POSTARZANA z szyldem bez otworu
B.BLWK-72-RD,Klamka BRISTOL POSTARZANA z szyldem na wkładkę 72mm
B.BL.RD.PRGR,Klamki do drzwi BRISTOL POSTARZANA
PT.SF22001,Rzeźba metalowa DOTYK
PT.SF22012,Rzeźba metalowa KOLARZ
PT.SF22010,Rzeźba metalowa MOTOR
PT.SF22009B,Rzeźba metalowa GARBUS
05.070C.AI.250,Wspornik MASYWNY 300x250 mm
PT.L22054,Obraz metalowy 3D loft DŁONIE
PT.L22056,Obraz metalowy 3D loft ZŁOTY AKT
PT.L22057,Obraz metalowy 3D loft KOBIECY AKT 2
PT.L22307,Obraz metalowy 3D loft LADY AFRYKA 2
PT.22714,Obraz metalowy 3D loft DZIEWCZYNA Z GITARĄ
PT.L22725,Obraz metalowy 3D loft KOBIETA W CZERWIENI
PT.L22299,Obraz metalowy 3D LOFT GDAŃSK
PT.L23113,Obraz metalowy 3D LOFT KRAKÓW
ZA.KOBR-C10-75,Kółko VITEK 90 mm Czarne
RR.N01-W-CZ,Noga SLANT 71 cm CZARNA
RR.TH-W-CZ,Noga typu H BASIC 82x71 cm CZARNA
RR.KRZ-W-CZ,Noga KRZYŻAK BASIC 82x71 cm CZARNA 
SE.SG61-82-P-TR,Drzwi szklane wewnętrzne loftowe FACTOR TRANSPARENTNE 80x200 Prawe
SE.SG61-82-L-TR,Drzwi szklane wewnętrzne loftowe FACTOR TRANSPARENTNE 80x200 Lewe
SE.SG61-82-P-MI,Drzwi szklane wewnętrzne loftowe FACTOR MLECZNE 80x200 Prawe
SE.SG61-82-L-MI,Drzwi szklane wewnętrzne loftowe FACTOR MLECZNE 80x200 Lewe
SE.SG61-92-P-TR,Drzwi szklane wewnętrzne loftowe FACTOR TRANSPARENTNE 90x200 Prawe
SE.SG61-92-L-TR,Drzwi szklane wewnętrzne loftowe FACTOR TRANSPARENTNE 90x200 Lewe
SE.SG61-92-P-MI,Drzwi szklane wewnętrzne loftowe FACTOR MLECZNE 90x200 Prawe
SE.SG61-92-L-MI,Drzwi szklane wewnętrzne loftowe FACTOR MLECZNE 90x200 Lewe
SE.SG61.ML.PRGR,Drzwi szklane wewnętrzne FACTOR
SE.SG8-82-P-TR,Drzwi szklane wewnętrzne loftowe AKRON TRANSPARENTNE 80x200 Prawe
SE.SG8-82-L-TR,Drzwi szklane wewnętrzne loftowe AKRON TRANSPARENTNE 80x200 Lewe
SE.SG8-82-L-MI,Drzwi szklane wewnętrzne loftowe AKRON MLECZNE 80x200 Lewe
SE.SG8-92-P-TR,Drzwi szklane wewnętrzne loftowe AKRON TRANSPARENTNE 90x200 Prawe
SE.SG8-92-P-MI,Drzwi szklane wewnętrzne loftowe AKRON MLECZNE 90x200 Prawe
SE.SG8-92-L-MI,Drzwi szklane wewnętrzne loftowe AKRON MLECZNE 90x200 Lewe
SE.SG8-82-P-MI,Drzwi szklane wewnętrzne loftowe AKRON MLECZNE 80x200 Prawe
SE.SG8-92-L-TR,Drzwi szklane wewnętrzne loftowe AKRON TRANSPARENTNE 90x200 Lewe
SE.SG8.PRGR,Drzwi szklane wewnętrzne AKRON
70.336S.AI.58,Hak wieszakowy ELSTON
05.349.AI.45,Emblemat na kluczyk OWALNY
01.358E.AI.90,Dzwonek do drzwi FLOWER
ZA.021-C10-132,Uchwyt meblowy SIELSKI 1 czarny
ZA.SG.C3,Szafka RTV loft industrialna STRONG 1
ZA.SG.F3,Szafka RTV loft industrialna STRONG 2
ZA.SG.B3,Komoda loft industrialna STRONG
ZA.SG.W3,Witryna loft industrialna STRONG
FLI.P-100x210,Drzwi przesuwne FLINSTON PREMIUM 100x210 Surowe
FLI.P-OL-100x210,Drzwi przesuwne FLINSTON PREMIUM 100x210 Olej naturalny
FLI.P-BR-100x210,Drzwi przesuwne FLINSTON PREMIUM 100x210 Olej brąz
FLI.P,Drzwi przesuwne FLINSTON PREMIUM
QZ.MP-036.S-CZ-ZL,Bateria umywalkowa stojąca czarno-złota DORSET niska
QZ.MP-036.T-CZ-ZL,Bateria umywalkowa stojąca czarno-złota DORSET wysoka
QZ.MP-037.T-CZ,Bateria umywalkowa stojąca czarna DORSET wysoka
QZ.MP-037.S-CZ,Bateria umywalkowa stojąca czarna DORSET niska
QZ.MP-001.S-CZ,Bateria umywalkowa stojąca czarna TERAMO niska
QZ.MP-002.S-AMD,Bateria umywalkowa stojąca antyczny mosiądz TERAMO niska
QZ.MP-003.S-RZL,Bateria umywalkowa stojąca różowe złoto TERAMO niska
QZ.MP-001-T-CZ,Bateria umywalkowa stojąca czarna TERAMO wysoka
QZ.MP-002.T-AMD,Bateria umywalkowa stojąca antyczny mosiądz TERAMO wysoka
QZ.MP-003.T-RZL,Bateria umywalkowa stojąca różowe złoto TERAMO wysoka
QZ.MP-023.S-CZ,Bateria umywalkowa stojąca czarna PORTO niska
QZ.MP-023.S-AMD,Bateria umywalkowa stojąca antyczny mosiądz PORTO niska
QZ.MP-023.S-RZL,Bateria umywalkowa stojąca różowe złoto PORTO niska 
QZ.MP-023.T-CZ,Bateria umywalkowa stojąca czarna PORTO wysoka
QZ.MP-023.T-AMD,Bateria umywalkowa stojąca antyczny mosiądz PORTO wysoka
QZ.MP-023.T-RZL,Bateria umywalkowa stojąca różowe złoto PORTO wysoka
QZ.MP-057.S-CZ,Bateria umywalkowa stojąca czarna ROSE niska
QZ.CF-004-CZ,Bateria kuchenna stojąca czarna PRATO
QZ.CF-004-AMD,Bateria kuchenna stojąca antyczny mosiądz PRATO
QZ.CF-004-RZL,Bateria kuchenna stojąca różowe złoto PRATO
QZ.CF-057-CZ,Bateria kuchenna stojąca czarna PLAIN
QZ.CF-015-CZ,Bateria kuchenna stojąca czarna BRAND 
QZ.CF-00103-CZ,Bateria kuchenna stojąca czarna RONDA
QZ.CF-00103-AZL,Bateria kuchenna stojąca antyczne złoto RONDA
QZ.CF-00103-RZL,Bateria kuchenna stojąca różowe złoto RONDA
QZ.CF-023-RZL,Bateria kuchenna stojąca różowe złoto SWAN
QZ.CF-023-AZL,Bateria kuchenna stojąca antyczne złoto SWAN
QZ.CF-023-CZ,Bateria kuchenna stojąca czarna SWAN 
QZ.CF-011-AZL,Bateria kuchenna stojąca antyczne złoto WORLDWIDE
QZ.CF-011-RZL,Bateria kuchenna stojąca różowe złoto WORLDWIDE
QZ.CF-022-CZ,Bateria kuchenna stojąca czarna BENT
QZ.CF-022-RZL,Bateria kuchenna stojąca różowe złoto BENT 
QZ.CF-022-AZL,Bateria kuchenna stojąca antyczne złoto BENT 
QZ.CF-156-CZ,Bateria kuchenna stojąca czarna SLENDER
QZ.CF-135-RZL,Bateria kuchenna stojąca różowe złoto CORNY
SE.BLT.SE-80X140,Blat drewniany PORSA 80x140 cm Orzech Włoski
SE.BLT.SE-90X160,Blat drewniany PORSA 90x160 cm Orzech Włoski
SE.BLT.SE-100X210,Blat drewniany PORSA 100x210 cm Orzech Włoski
SE.BLT.SE-PRGR,Blat PORSA
