sku,name,translated
WAV-90X200,Blat WAVE 90x200 Surowy,Table top 90x200 Raw WAVE
WAV-PRGR,Blat WAVE,Blat WAVE
AF.797.564.03,Mapa Świata GLOBTROTER,World Map GLOBTROTER
UF.L01-OL-ZD-140,Łóżko drewniane dębowe URBAN FOREST 1 140x200,Oak wooden bed 140x200 URBAN FOREST 1
UF.L01-OL-ZD-160,Łóżko drewniane dębowe URBAN FOREST 1 160x200,Oak wooden bed 160x200 URBAN FOREST 1
UF.L01-OL-ZD-180,Łóżko drewniane dębowe URBAN FOREST 1 180x200,Oak wooden bed 180x200 URBAN FOREST 1
UF.L01-OL-ZD-PRGR,Łóżko drewniane URBAN FOREST 1 ,Wooden bed URBAN FOREST 1
UF.L01-OL-ZPN023-140,Łóżko drewniane z panelem tapicerowanym URBAN FOREST 2 140x200,Wooden bed with upholstered panel 140x200 URBAN FOREST 2
UF.L01-OL-ZPN023-160,Łóżko drewniane z panelem tapicerowanym URBAN FOREST 2 160x200,Wooden bed with upholstered panel 160x200 URBAN FOREST 2
UF.L01-OL-ZPN023-180,Łóżko drewniane z panelem tapicerowanym URBAN FOREST 2 180x200,Wooden bed with upholstered panel 180x200 URBAN FOREST 2
UF.L01-OL-ZPN023-PRGR,Łóżko drewniane URBAN FOREST 2,Wooden bed URBAN FOREST 2
UF.L01-OL-ZPN041-140,Łóżko drewniane z panelem tapicerowanym URBAN FOREST 3 140x200,Wooden bed with upholstered panel 140x200 URBAN FOREST 3
UF.L01-OL-ZPN041-160,Łóżko drewniane z panelem tapicerowanym URBAN FOREST 3 160x200,Wooden bed with upholstered panel 160x200 URBAN FOREST 3
UF.L01-OL-ZPN041-180,Łóżko drewniane z panelem tapicerowanym URBAN FOREST 3 180x200,Wooden bed with upholstered panel 180x200 URBAN FOREST 3
UF.L01-OL-ZPN041-PRGR,Łóżko drewniane URBAN FOREST 3,Wooden bed URBAN FOREST 3
UF.L02-OL-ZD-140,Łóżko drewniane dębowe URBAN FOREST 4 140x200,Oak wooden bed 140x200 URBAN FOREST 4
UF.L02-OL-ZD-160,Łóżko drewniane dębowe URBAN FOREST 4 160x200,Oak wooden bed 160x200 URBAN FOREST 4
UF.L02-OL-ZD-180,Łóżko drewniane dębowe URBAN FOREST 4 180x200,Oak wooden bed 180x200 URBAN FOREST 4
UF.L02-OL-ZD-PRGR,Łóżko drewniane URBAN FOREST 4,Wooden bed URBAN FOREST 4
UF.L02-OL-Z94-140,Łóżko drewniane z wezgłowiem tapicerowanym URBAN FOREST 5 140x200,Wooden bed with upholstered headboard 140x200 URBAN FOREST 5
UF.L02-OL-Z94-160,Łóżko drewniane z wezgłowiem tapicerowanym URBAN FOREST 5 160x200,Wooden bed with upholstered headboard 160x200 URBAN FOREST 5
UF.L02-OL-Z94-180,Łóżko drewniane z wezgłowiem tapicerowanym URBAN FOREST 5 180x200,Wooden bed with upholstered headboard 180x200 URBAN FOREST 5
UF.L02-OL-Z94-PRGR,Łóżko drewniane URBAN FOREST 5,Wooden bed URBAN FOREST 5
UF.L02-OL-Z244-140,Łóżko drewniane z wezgłowiem tapicerowanym URBAN FOREST 6 140x200,Wooden bed with upholstered headboard 140x200 URBAN FOREST 6
UF.L02-OL-Z244-160,Łóżko drewniane z wezgłowiem tapicerowanym URBAN FOREST 6 160x200,Wooden bed with upholstered headboard 160x200 URBAN FOREST 6
UF.L02-OL-Z244-180,Łóżko drewniane z wezgłowiem tapicerowanym URBAN FOREST 6 180x200,Wooden bed with upholstered headboard 180x200 URBAN FOREST 6
UF.L02-OL-Z244-PRGR,Łóżko drewniane URBAN FOREST 6,Wooden bed URBAN FOREST 6
UF.SN01-OL,Szafka nocna drewniana URBAN FOREST 1,Wooden bedside cabinet URBAN FOREST 1
UF.SN02-OL,Szafka nocna drewniana URBAN FOREST 2,Wooden bedside cabinet URBAN FOREST 2
UF.SN03-OL,Szafka nocna drewniana URBAN FOREST 3,Wooden bedside cabinet URBAN FOREST 3
E155.KA,Hak MAŁY ANTYCZNA MIEDŹ 40mm,Hak 40mm MAŁY ANTYCZNA MIEDŹ
49.336D.AC.70,Hak DROBNY S ANTYCZNA MIEDŹ,Hak DROBNY S ANTYCZNA MIEDŹ
49.336.AC.115,Hak POTRÓJNY ZAOKRĄGLONY 115 cm,Right cm POTRÓJNY ZAOKRĄGLONY 115
31.336A.AC.113,Hak RAMKA NA ETYKIETĘ 113 mm,Right mm RAMKA NA ETYKIETĘ 113
01.336F.AC.125,Hak wieszakowy ŁABĘDZIA SZYJA 130 mm,Hanger hook mm ŁABĘDZIA SZYJA 130
01.620A.AC.100,Uchwyt na papier toaletowy BURY ST LONDON,Toilet paper holder BURY ST LONDON
70.087P.AC.96,Uchwyt PRASOWANY 96 mm ANTYCZNA MIEDŹ,Handle mm PRASOWANY ANTYCZNA MIEDŹ 96
49.087.AC.98,Uchwyt POSTARZANY 98 mm,Handle mm POSTARZANY 98
03.087P.AB.76,Uchwyt PRASOWANY 76 mm ANTYCZNE ZŁOTO,Handle mm PRASOWANY ANTYCZNE ZŁOTO 76
K107.AL,Uchwyt POLEROWANY,Handle POLEROWANY
70.086.AC.32B,Gałka meblowa POKRĘTŁO,Furniture knob POKRĘTŁO
70.086.SB.35B,Gałka meblowa ZŁOTA 35 mm,Furniture knob mm ZŁOTA 35
70.086.SB.25B,Gałka meblowa ZŁOTA 25 mm,Furniture knob mm ZŁOTA 25
A142,Gałka meblowa POLEROWANA,Furniture knob POLEROWANA
WX.SH1.GG.ANT,Deszczownica antyczny mosiądz GOLD GLEN 1,Rainshower Antique brass GOLD GLEN 1
WX.HT99032.BLA,Bateria prysznicowa LOLA 2,Shower mixer LOLA 2
ZA.006-C10-150,Uchwyt HENRY,Handle HENRY
ZA.007-C10-150,Uchwyt MARK,Handle MARK
ZA.DR8-40X20-CZ,Noga metalowa do regału DRABINA 40x20mm CZARNA - KOMPLET,Metal shelf leg 40x20mm - DRABINA CZARNA KOMPLET
ZA.DR8-40X20-CZ-1,Noga metalowa do regału DRABINA 40x20mm STALOWA - KOMPLET,Metal shelf leg 40x20mm - DRABINA STALOWA KOMPLET
ZA.DOS-CZ,Dostawka do stołu DEXTER,Table extension DEXTER
ZA.D.DYS-CZ,Zestaw dystansów do dostawki stołu DEXTER,Set of spacers for table extension DEXTER
ZA.DOS.CZ.PRGR,System dostawki do stołu DEXTER,Table extension system DEXTER
ZA.DR8XX,Noga metalowa do regału DRABINA,Metal leg for shelving unit DRABINA
DS.01,Deska dębowa do serów BASIC,Oak cheese board BASIC
FRM-OL-80x120,Blat FRAME 80x120 Olej Naturalny,Table top 80x120 Natural oil FRAME
FRM-OL-80x140,Blat FRAME 80x140 Olej Naturalny,Table top 80x140 Natural oil FRAME
FRM-OL-80x160,Blat FRAME 80x160 Olej Naturalny,Table top 80x160 Natural oil FRAME
FRM-OL-80x180,Blat FRAME 80x180 Olej Naturalny,Table top 80x180 Natural oil FRAME
FRM-OL-80x200,Blat FRAME 80x200 Olej Naturalny,Table top 80x200 Natural oil FRAME
FRM-OL-90x120,Blat FRAME 90x120 Olej Naturalny,Table top 90x120 Natural oil FRAME
FRM-OL-90x140,Blat FRAME 90x140 Olej Naturalny,Table top 90x140 Natural oil FRAME
FRM-OL-90x160,Blat FRAME 90x160 Olej Naturalny,Table top 90x160 Natural oil FRAME
FRM-OL-90x200,Blat FRAME 90x200 Olej Naturalny,Table top 90x200 Natural oil FRAME
FRM-OL,Blat FRAME,Blat FRAME
FRM-OL-90x180,Blat FRAME 90x180 Olej Naturalny,Table top 90x180 Natural oil FRAME
PRI-80x120,Blat PRINSTIN 80x120 Szczotkowany Wosk Brąz,Table top 80x120 Brushed Wax Brown PRINSTIN
PRI-80x140,Blat PRINSTIN 80x140 Szczotkowany Wosk Brąz,Table top 80x140 Brushed Wax Brown PRINSTIN
PRI-80x160,Blat PRINSTIN 80x160 Szczotkowany Wosk Brąz,Table top 80x160 Brushed Wax Brown PRINSTIN
PRI-80x200,Blat PRINSTIN 80x200 Szczotkowany Wosk Brąz,Table top 80x200 Brushed Wax Brown PRINSTIN
PRI-90X120,Blat PRINSTIN 90x120 Szczotkowany Wosk Brąz,Table top 90x120 Brushed Wax Brown PRINSTIN
PRI-90X140,Blat PRINSTIN 90x140 Szczotkowany Wosk Brąz,Table top 90x140 Brushed Wax Brown PRINSTIN
PRI-90X160,Blat PRINSTIN 90x160 Szczotkowany Wosk Brąz,Table top 90x160 Brushed Wax Brown PRINSTIN
PRI-90X180,Blat PRINSTIN 90x180 Szczotkowany Wosk Brąz,Table top 90x180 Brushed Wax Brown PRINSTIN
PRI-90X200,Blat PRINSTIN 90x200 Szczotkowany Wosk Brąz,Table top 90x200 Brushed Wax Brown PRINSTIN
PRI-80X180,Blat PRINSTIN 80x180 Szczotkowany Wosk Brąz,Table top 80x180 Brushed Wax Brown PRINSTIN
PRI-PRGR,Blat PRINSTIN SZCZOTKOWANY,Blat PRINSTIN SZCZOTKOWANY
24466Z03500.23,Gałka meblowa GLORIA 35 mm różowe złoto,Furniture knob mm pink gold GLORIA 35
24466.03000.11,Gałka meblowa GLORIA 30 mm złota,Furniture knob mm gold GLORIA 30
24466Z03500.12,Gałka meblowa GLORIA 35 mm mosiądz,Furniture knob mm brass GLORIA 35
24466Z.PRGR,Gałka meblowa GLORIA,Furniture knob GLORIA
25568Z04600.N2,Gałka meblowa FILAR 45 mm czarna,Furniture knob mm black FILAR 45
25568Z04600.19,Gałka meblowa FILAR 45 mm stalowa,Furniture knob mm steel FILAR 45
25568Z04600.PRGR,Gałka meblowa FILAR,Furniture knob FILAR
24162Z03200.94,Gałka meblowa FIBER,Furniture knob FIBER
24466.03500.03,Gałka meblowa ANTYK 35 mm mosiądz antyczny,Furniture knob mm antique brass ANTYK 35
24466.03000.03,Gałka meblowa ANTYK 30 mm mosiądz antyczny,Furniture knob mm antique brass ANTYK 30
24466Z03500.09,Gałka meblowa ANTYK 35 mm złoto antyczne,Furniture knob mm antique gold ANTYK 35
15120Z06400.23,Uchwyt meblowy muszlowy PROMIENNY 95 mm różowe złoto,Shell furniture handle mm pink gold PROMIENNY 95
15120Z06400.12,Uchwyt meblowy muszlowy PROMIENNY 95 mm mosiądz,Shell furniture handle mm brass PROMIENNY 95
15120Z06400.29,Uchwyt meblowy muszlowy PROMIENNY 95 mm miedziany,Shell furniture handle mm copper PROMIENNY 95
15120Z06400.11,Uchwyt meblowy muszlowy PROMIENNY 95 mm szampański,Shell furniture handle mm champagne PROMIENNY 95
15120Z06400.DC,Uchwyt meblowy muszlowy ANTYK 95 mm miedź antyczna,Shell furniture handle mm antique copper ANTYK 95
15120Z06400.07,Uchwyt meblowy muszlowy ANTYK 95 mm złoto postarzane,Shell furniture handle mm aged gold ANTYK 95
15120Z06400.DM,Uchwyt meblowy muszlowy ANTYK 95 mm antyczne złoto,Shell furniture handle mm antique gold ANTYK 95
15120Z06400.03,Uchwyt meblowy muszlowy ANTYK 95 mm mosiądz antyczny,Shell furniture handle mm antique brass ANTYK 95
15120Z.PRGR,Uchwyt meblowy muszlowy ANTYK 95 mm,Shell furniture handle mm ANTYK 95
15121.08800.03,Uchwyt meblowy muszlowy ABAKUS 88 mm,Shell furniture handle mm ABAKUS 88
15121.07400.03,Uchwyt meblowy muszlowy ABAKUS 74 mm,Shell furniture handle mm ABAKUS 74
15121.PRGR,Uchwyt meblowy muszlowy ABAKUS,Shell furniture handle ABAKUS
24247Z05000.11,Gałka meblowa FINEZYJNA,Furniture knob FINEZYJNA
15197Z16000.29,Uchwyt meblowy rączka HERKULES 183 mm miedź antyczna,Furniture handle mm antique copper HERKULES 183
15197Z16000.94,Uchwyt meblowy rączka HERKULES 183 mm postarzane żelazo,Furniture handle mm aged iron HERKULES 183
15197Z16000.PRGR,Uchwyt meblowy HERKULES 183 mm,Furniture handle mm HERKULES 183
15217Z16000.11,Uchwyt meblowy rączka STILE 180 mm szampański,Furniture handle mm champagne STILE 180
15217Z16000.23,Uchwyt meblowy rączka STILE 180 mm różowe złoto,Furniture handle mm pink gold STILE 180
15217Z16000.12,Uchwyt meblowy rączka STILE 180 mm mosiądz,Furniture handle mm brass STILE 180
15217Z16000.N2,Uchwyt meblowy rączka STILE 180 mm czarny,Furniture handle mm black STILE 180
15217Z16000.PRGR,Uchwyt meblowy STILE 180 mm,Furniture handle mm STILE 180
15097Z16020.94,Uchwyt meblowy MASYWNY 178 mm,Furniture handle mm MASYWNY 178
15097Z03200.94,Uchwyt meblowy MASYWNY 50 mm,Furniture handle mm MASYWNY 50
15097Z22420.94,Uchwyt meblowy MASYWNY 242 mm,Furniture handle mm MASYWNY 242
15165Z16000.94,Uchwyt meblowy rączka FABRYCZNY 200 mm,Furniture handle mm FABRYCZNY 200
15165Z12800.94,Uchwyt meblowy rączka FABRYCZNY 170 mm,Furniture handle mm FABRYCZNY 170
SE.SPK-307,Prowadnica ALMERIA CZARNA,Guide ALMERIA CZARNA
WM.D.N01-OL,Noga PROSTA 71x8 cm DĘBOWA OLEJ NATURALNY,Noga 71x8 cm PROSTA DĘBOWA OLEJ NATURALNY
WM.D.N01-BR,Noga PROSTA 71x8 cm DĘBOWA OLEJ BRĄZ,Noga 71x8 cm PROSTA DĘBOWA OLEJ BRĄZ
WM.D.N01,Noga PROSTA 71x8 cm DĘBOWA SUROWA,Noga 71x8 cm PROSTA DĘBOWA SUROWA
WM.D.N01.PRGR,Nogi PROSTĘ DĘBOWE,Nogi PROSTĘ DĘBOWE
15120Z0640.PRGR,Uchwyt meblowy PROMIENNY 95 mm,Furniture handle mm PROMIENNY 95
15097Z.PRGR,Uchwyt meblowy MASYWNY,Furniture handle MASYWNY
15165Z09600.94,Uchwyt meblowy rączka FABRYCZNY 135 mm,Furniture handle mm FABRYCZNY 135
15165Z.PRGR,Uchwyt meblowy FABRYCZNY,Furniture handle FABRYCZNY
24466.PRGR,Gałka meblowa ANTYK,Furniture knob ANTYK
15247Z12800.11,Uchwyt meblowy FINEZYJNY 170 mm,Furniture handle mm FINEZYJNY 170
15162Z12800.94,Uchwyt meblowy FIBER 145 mm,Furniture handle mm FIBER 145
ZA.T1.WE-C10,Hoker WESTERN EDITION CZARNY,Hoker WESTERN EDITION CZARNY
ZA.T1.WE-PRGR,Hoker WESTERN EDITION,Hoker WESTERN EDITION
SE.A072.B,Prowadnica OLD BYPASS,Guide OLD BYPASS
SE.SPK-304,Prowadnica PODKOWA SPK,Guide PODKOWA SPK
ZA.K1-CZ-R,Krzesło STRONG,Chair STRONG
A114.AL,Gałka meblowa POSTARZANA,Furniture knob POSTARZANA
01.086F.AC.32,Gałka meblowa KULA ANTYCZNA MIEDŹ,Furniture knob KULA ANTYCZNA MIEDŹ
QZ.CF-011-CH,Bateria kuchenna stojąca chrom WORLDWIDE,"Kitchen mixer, upright chrome WORLDWIDE"
QZ.CF-011-CZ,Bateria kuchenna stojąca czarna WORLDWIDE,Upright kitchen mixer black WORLDWIDE
QZ.CF-022-CH,Bateria kuchenna stojąca chrom BENT,"Kitchen mixer, upright chrome BENT"
QZ.CF-001-CH,Bateria kuchenna stojąca chrom SIMPLE,"Kitchen mixer, upright chrome SIMPLE"
QZ.CF-001-AMD,Bateria kuchenna stojąca antyczny mosiądz SIMPLE,"Kitchen mixer, upright Antique brass SIMPLE"
QZ.CF-156-ST,Bateria kuchenna stojąca stalowa SLENDER,Stand mixer for kitchens SLENDER
QZ.CF-156-AMD,Bateria kuchenna stojąca antyczny mosiądz SLENDER,"Kitchen mixer, upright Antique brass SLENDER"
QZ.CF-149-CH,Bateria kuchenna stojąca chrom DOUBLE,"Kitchen mixer, upright chrome DOUBLE"
QZ.CF-135-CZ,Bateria kuchenna stojąca czarna CORNY,Upright kitchen mixer black CORNY
QZ.CF-135-AZL,Bateria kuchenna stojąca antyczny mosiądz CORNY,"Kitchen mixer, upright Antique brass CORNY"
QZ.CF-163-RZL,Bateria kuchenna stojąca antyczny brąz PLAIN,"Kitchen mixer, upright Antique bronze PLAIN"
QZ.CF-163-AMD,Bateria kuchenna stojąca antyczny mosiądz PLAIN,"Kitchen mixer, upright Antique brass PLAIN"
QZ.CF-149-CZ,Bateria kuchenna stojąca czarna DOUBLE,Upright kitchen mixer black DOUBLE
QZ.CF-001-CZ,Bateria kuchenna stojąca czarna SIMPLE,Upright kitchen mixer black SIMPLE
IN.C013,Tabliczka dekoracyjna metalowa I LOVE SEX,Decorative metal plaque I LOVE SEX
IN.C015,Tabliczka dekoracyjna metalowa I LOVE BED,Decorative metal plaque I LOVE BED
IN.C031,Tabliczka dekoracyjna metalowa LOVE 2,Decorative metal plaque LOVE 2
IN.C038,Tabliczka dekoracyjna metalowa NEW YORK,Decorative metal plaque NEW YORK
IN.C056,Tabliczka dekoracyjna metalowa I LOVE LAS VEGAS,Decorative metal plaque I LOVE LAS VEGAS
IN.C124,Tablica rejestracyjna z USA metalowa ARIZONA 2,Number plate with metal USA ARIZONA 2
IN.C128,Tabliczka dekoracyjna metalowa GOOD DAY,Decorative metal plaque GOOD DAY
IN.C157,Tablica rejestracyjna z USA metalowa NEW YORK 2,Number plate with metal USA NEW YORK 2
IN.C173,Tabliczka dekoracyjna metalowa LOVE 3,Decorative metal plaque LOVE 3
IN.C187,Tabliczka dekoracyjna metalowa BORN TO RIDE,Decorative metal plaque BORN TO RIDE
IN.C190,Tabliczka dekoracyjna metalowa ITALY,Decorative metal plaque ITALY
IN.C191,Tabliczka dekoracyjna metalowa FRANCE,Decorative metal plaque FRANCE
IN.C135,Tabliczka dekoracyjna metalowa TOILET MEN,Decorative metal plaque TOILET MEN
IN.C203,Tabliczka dekoracyjna metalowa TOILET WOMEN,Decorative metal plaque TOILET WOMEN
IN.C200,Tabliczka dekoracyjna metalowa ONE LOVE,Decorative metal plaque ONE LOVE
IN.C212,Tablica rejestracyjna z USA metalowa MARYLAND,Number plate with metal USA MARYLAND
IN.C240,Tablica rejestracyjna z USA metalowa ARKANSAS,Number plate with metal USA ARKANSAS
IN.C242,Tablica rejestracyjna z USA metalowa HAWAII 3,Number plate with metal USA HAWAII 3
IN.C243,Tabliczka dekoracyjna metalowa CALIFORNIA 66 ROUTE,Decorative metal plaque CALIFORNIA ROUTE 66
IN.C244,Tabliczka dekoracyjna metalowa LIFE IS GOOD,Decorative metal plaque LIFE IS GOOD
IN.C264,Tabliczka dekoracyjna metalowa LOVE THE BEACH,Decorative metal plaque LOVE THE BEACH
IN.C266,Tabliczka dekoracyjna metalowa VINTAGE MOTORCYCLE,Decorative metal plaque VINTAGE MOTORCYCLE
IN.C290,Tablica rejestracyjna metalowa JAPAN,Metal number plate JAPAN
IN.C291,Tablica rejestracyjna metalowa QATAR,Metal number plate QATAR
IN.C292,Tablica rejestracyjna z USA metalowa CALIFORNIA,Number plate with metal USA CALIFORNIA
IN.C301,Tablica rejestracyjna z USA metalowa NSW,Number plate with metal USA NSW
IN.C311,Tablica rejestracyjna z USA metalowa OHIO,Number plate with metal USA OHIO
IN.C334,Tablica rejestracyjna z USA metalowa ILLINOIS,Number plate with metal USA ILLINOIS
IN.C353,Tablica rejestracyjna z USA metalowa MAINE,Number plate with metal USA MAINE
IN.C365,Tablica rejestracyjna z USA metalowa HAWAII 4,Number plate with metal USA HAWAII 4
IN.C366,Tablica rejestracyjna z USA metalowa IDAHO,Number plate with metal USA IDAHO
IN.C377,Tablica rejestracyjna z USA metalowa UTAH 2,Number plate with metal USA UTAH 2
IN.C378,Tablica rejestracyjna z USA metalowa VIRGINIA,Number plate with metal USA VIRGINIA
IN.C381,Tabliczka dekoracyjna metalowa FERRARI 3,Decorative metal plaque FERRARI 3
IN.20037,Tabliczka dekoracyjna metalowa LOVE AND LAUGH,Decorative metal plaque LOVE AND LAUGH
IN.20038,Tabliczka dekoracyjna metalowa WINK IF YOU WANT ME,Decorative metal plaque WINK IF YOU WANT ME
IN.20039,Tabliczka dekoracyjna metalowa QUALITY & FUN,Decorative metal plaque & QUALITY FUN
IN.20040,Tabliczka dekoracyjna metalowa SMILE IF YOU LIKE ME,Decorative metal plaque SMILE IF YOU LIKE ME
IN.20371,Tabliczka dekoracyjna metalowa OLD SCHOOL GAME,Decorative metal plaque OLD SCHOOL GAME
IN.20511,Tabliczka dekoracyjna metalowa HOMER SIMPSON,Decorative metal plaque HOMER SIMPSON
IN.20447,Tabliczka dekoracyjna metalowa MARIO,Decorative metal plaque MARIO
IN.20442,Tabliczka dekoracyjna metalowa PIKACHU,Decorative metal plaque PIKACHU
IN.20448,Tabliczka dekoracyjna metalowa RÓŻOWA PANTERA,Decorative metal plaque RÓŻOWA PANTERA
IN.20256,Tabliczka dekoracyjna metalowa GAMERS ONLY,Decorative metal plaque GAMERS ONLY
IN.20129,Tabliczka dekoracyjna metalowa KAPITAN AMERYKA,Decorative metal plaque KAPITAN AMERYKA
IN.20049,Tabliczka dekoracyjna metalowa AMAZING SPIDER-MAN,Decorative metal plaque AMAZING SPIDER-MAN
IN.20059,Tabliczka dekoracyjna metalowa IRON MAN,Decorative metal plaque IRON MAN
IN.20007,Tabliczka dekoracyjna metalowa BATMAN,Decorative metal plaque BATMAN
IN.10035,Tabliczka dekoracyjna metalowa BOURBON WHISKEY,Decorative metal plaque BOURBON WHISKEY
IN.10084,Tabliczka dekoracyjna metalowa FARM FRESH MILK,Decorative metal plaque FARM FRESH MILK
IN.10091,Tabliczka dekoracyjna metalowa JIM BEAM ,Decorative metal plaque JIM BEAM
IN.10106,Tabliczka dekoracyjna metalowa CAFE LATTE,Decorative metal plaque CAFE LATTE
IN.10149,Tabliczka dekoracyjna metalowa COFFEE TIME,Decorative metal plaque COFFEE TIME
IN.10150,Tabliczka dekoracyjna metalowa COFFEE BEANS,Decorative metal plaque COFFEE BEANS
IN.10172,Tabliczka dekoracyjna metalowa JIM BEAM BOURBON WHISKEY,Decorative metal plaque JIM BEAM BOURBON WHISKEY
IN.10173,Tabliczka dekoracyjna metalowa JIM BEAM BLACK,Decorative metal plaque JIM BEAM BLACK
IN.10197,Tabliczka dekoracyjna metalowa HOW TO ORDER A BEER,Decorative metal plaque HOW TO ORDER A BEER
IN.10212,Tabliczka dekoracyjna metalowa FREE BEER TOMORROW,Decorative metal plaque FREE BEER TOMORROW
IN.10213,Tabliczka dekoracyjna metalowa BEST BEER,Decorative metal plaque BEST BEER
IN.10227,Tabliczka dekoracyjna metalowa BEERS OF THE WORLD,Decorative metal plaque BEERS OF THE WORLD
IN.10229,Tabliczka dekoracyjna metalowa BEERS AROUND OF THE WORLD,Decorative metal plaque BEERS AROUND OF THE WORLD
IN.10230,Tabliczka dekoracyjna metalowa CHEERS 1,Decorative metal plaque CHEERS 1
IN.10231,Tabliczka dekoracyjna metalowa CHEERS 2,Decorative metal plaque CHEERS 2
IN.10244,Tabliczka dekoracyjna metalowa ITALIA CAFFE,Decorative metal plaque ITALIA CAFFE
IN.10484,Tabliczka dekoracyjna metalowa GROLSCH PREMIUM LAGER,Decorative metal plaque GROLSCH PREMIUM LAGER
IN.11019,Tabliczka dekoracyjna metalowa MARTINI,Decorative metal plaque MARTINI
IN.11039,Tabliczka dekoracyjna metalowa BACARDI,Decorative metal plaque BACARDI
IN.11051,Tabliczka dekoracyjna metalowa ABSOLUT VODKA,Decorative metal plaque ABSOLUT VODKA
IN.11070,Tabliczka dekoracyjna metalowa TULLAMORE DEW IRISH WHISKEY,Decorative metal plaque TULLAMORE DEW IRISH WHISKEY
IN.11105,Tabliczka dekoracyjna metalowa MALIBU,Decorative metal plaque MALIBU
IN.11148,Tabliczka dekoracyjna metalowa BEACH BAR,Decorative metal plaque BEACH BAR
IN.70087,Tabliczka dekoracyjna metalowa BURGERS,Decorative metal plaque BURGERS
IN.70111,Tabliczka dekoracyjna metalowa POPCORN 1,Decorative metal plaque POPCORN 1
IN.60089,Tabliczka dekoracyjna metalowa SENTENCJA,Decorative metal plaque SENTENCJA
IN.60090,Tabliczka dekoracyjna metalowa SENTENCJA 1,Decorative metal plaque SENTENCJA 1
IN.60091,Tabliczka dekoracyjna metalowa SENTENCJA 2,Decorative metal plaque SENTENCJA 2
IN.60092,Tabliczka dekoracyjna metalowa SENTENCJA 3,Decorative metal plaque SENTENCJA 3
IN.60093,Tabliczka dekoracyjna metalowa SENTENCJA 4,Decorative metal plaque SENTENCJA 4
IN.60094,Tabliczka dekoracyjna metalowa SENTENCJA 5,Decorative metal plaque SENTENCJA 5
IN.60135,Tabliczka dekoracyjna metalowa SHARK ZONE,Decorative metal plaque SHARK ZONE
IN.60143,Tabliczka dekoracyjna metalowa BLACK CAT,Decorative metal plaque BLACK CAT
IN.60338,Tabliczka dekoracyjna metalowa CALICO CAT,Decorative metal plaque CALICO CAT
IN.60345,Tabliczka dekoracyjna metalowa MY LORD,Decorative metal plaque MY LORD
IN.60250,Tabliczka dekoracyjna metalowa BEWARE OF THE COBRA,Decorative metal plaque BEWARE OF THE COBRA
IN.60251,Tabliczka dekoracyjna metalowa BEWARE OF THE PIG,Decorative metal plaque BEWARE OF THE PIG
IN.60252,Tabliczka dekoracyjna metalowa BEWARE OF THE DRAGON,Decorative metal plaque BEWARE OF THE DRAGON
IN.60254,Tabliczka dekoracyjna metalowa BEWARE OF THE ELEPHANT,Decorative metal plaque BEWARE OF THE ELEPHANT
IN.60255,Tabliczka dekoracyjna metalowa BEWARE OF THE FOX,Decorative metal plaque BEWARE OF THE FOX
IN.60264,Tabliczka dekoracyjna metalowa BEWARE OF THE SHARK,Decorative metal plaque BEWARE OF THE SHARK
IN.60259,Tabliczka dekoracyjna metalowa BEWARE OF THE TARANTULA,Decorative metal plaque BEWARE OF THE TARANTULA
IN.60272,Tabliczka dekoracyjna metalowa BEWARE OF THE CAT,Decorative metal plaque BEWARE OF THE CAT
IN.60273,Tabliczka dekoracyjna metalowa BEWARE OF THE BIRDS,Decorative metal plaque BEWARE OF THE BIRDS
IN.60274,Tabliczka dekoracyjna metalowa BEWARE OF THE CAMEL,Decorative metal plaque BEWARE OF THE CAMEL
IN.30970,Tabliczka dekoracyjna metalowa WE DON’T CALL 911,Decorative metal plaque WE DON’T CALL 911
IN.30967,Tabliczka dekoracyjna metalowa WE DON’T CALL 911 1,Decorative metal plaque WE DON’T CALL 911 1
IN.30937,Tabliczka dekoracyjna metalowa EAT SLEEP WORK REPEAT,Decorative metal plaque EAT SLEEP WORK REPEAT
IN.30943,Tabliczka dekoracyjna metalowa CAMERA,Decorative metal plaque CAMERA
IN.30940,Tabliczka dekoracyjna metalowa I AM NOT RETIRED,Decorative metal plaque I AM NOT RETIRED
IN.30946,Tabliczka dekoracyjna metalowa INSTALLING MUSCLES,Decorative metal plaque INSTALLING MUSCLES
IN.30929,Tabliczka dekoracyjna metalowa FLAGA HISZPANII,Decorative metal plaque FLAGA HISZPANII
IN.30928,Tabliczka dekoracyjna metalowa FLAGA URUGWAJU,Decorative metal plaque FLAGA URUGWAJU
IN.30926,Tabliczka dekoracyjna metalowa FLAGA TUNEZJI,Decorative metal plaque FLAGA TUNEZJI
IN.30924,Tabliczka dekoracyjna metalowa FLAGA SENEGALU,Decorative metal plaque FLAGA SENEGALU
IN.30923,Tabliczka dekoracyjna metalowa FLAGA SERBII,Decorative metal plaque FLAGA SERBII
IN.30922,Tabliczka dekoracyjna metalowa FLAGA SZWAJCARII,Decorative metal plaque FLAGA SZWAJCARII
IN.30921,Tabliczka dekoracyjna metalowa FLAGA PORTUGALII,Decorative metal plaque FLAGA PORTUGALII
IN.30920,Tabliczka dekoracyjna metalowa FLAGA MEKSYKA,Decorative metal plaque FLAGA MEKSYKA
IN.30919,Tabliczka dekoracyjna metalowa FLAGA CHORWACJI,Decorative metal plaque FLAGA CHORWACJI
IN.30918,Tabliczka dekoracyjna metalowa FLAGA KAMERUNU,Decorative metal plaque FLAGA KAMERUNU
IN.30916,Tabliczka dekoracyjna metalowa FLAGA FRANCJI,Decorative metal plaque FLAGA FRANCJI
IN.30915,Tabliczka dekoracyjna metalowa FLAGA EKWADORU,Decorative metal plaque FLAGA EKWADORU
IN.30914,Tabliczka dekoracyjna metalowa FLAGA NIEMIECKA,Decorative metal plaque FLAGA NIEMIECKA
IN.30913,Tabliczka dekoracyjna metalowa FLAGA DANII,Decorative metal plaque FLAGA DANII
IN.30912,Tabliczka dekoracyjna metalowa FLAGA BELGII,Decorative metal plaque FLAGA BELGII
IN.30911,Tabliczka dekoracyjna metalowa FLAGA BRAZYLII,Decorative metal plaque FLAGA BRAZYLII
IN.30909,Tabliczka dekoracyjna metalowa FLAGA POLSKI,Decorative metal plaque FLAGA POLSKI
IN.30908,Tabliczka dekoracyjna metalowa FLAGA GHANY,Decorative metal plaque FLAGA GHANY
IN.30907,Tabliczka dekoracyjna metalowa FLAGA ARGENTYNY,Decorative metal plaque FLAGA ARGENTYNY
IN.30878,Tabliczka dekoracyjna metalowa DANGER MINEFIELD,Decorative metal plaque DANGER MINEFIELD
IN.30873,Tabliczka dekoracyjna metalowa BIKE LANE,Decorative metal plaque BIKE LANE
IN.30830,Tabliczka dekoracyjna metalowa WOODSTOCK FESTIVAL,Decorative metal plaque WOODSTOCK FESTIVAL
IN.30775,Tabliczka dekoracyjna metalowa FLAGA KANADY,Decorative metal plaque FLAGA KANADY
IN.30776,Tabliczka dekoracyjna metalowa FLAGA CZESKA,Decorative metal plaque FLAGA CZESKA
IN.30779,Tabliczka dekoracyjna metalowa FLAGA HOLANDII,Decorative metal plaque FLAGA HOLANDII
IN.30780,Tabliczka dekoracyjna metalowa FLAGA WIELKIEJ BRYTANII,Decorative metal plaque FLAGA WIELKIEJ BRYTANII
IN.30755,Tabliczka dekoracyjna metalowa MUSIC ROCK,Decorative metal plaque MUSIC ROCK
IN.30759,Tabliczka dekoracyjna metalowa NO SPECIAL TALENT,Decorative metal plaque NO SPECIAL TALENT
IN.30743,Tabliczka dekoracyjna metalowa WARNING PSYCHO,Decorative metal plaque WARNING PSYCHO
IN.30721,Tabliczka dekoracyjna metalowa WEAR FACE MASK,Decorative metal plaque WEAR FACE MASK
IN.30592,Tabliczka dekoracyjna metalowa CUSTOMER PARKING,Decorative metal plaque CUSTOMER PARKING
IN.30593,Tabliczka dekoracyjna metalowa CUSTOMER PARKING 1,Decorative metal plaque CUSTOMER PARKING 1
IN.30584,Tabliczka dekoracyjna metalowa PAYMENT CASH ONLY,Decorative metal plaque PAYMENT CASH ONLY
IN.30393,Tabliczka dekoracyjna metalowa APPLE COMPUTER,Decorative metal plaque APPLE COMPUTER
IN.10162,Tabliczka dekoracyjna metalowa COFFEE SENTENCE,Decorative metal plaque COFFEE SENTENCE
IN.30057,Tabliczka dekoracyjna metalowa FAMILY RULES,Decorative metal plaque FAMILY RULES
IN.30108,Tabliczka dekoracyjna metalowa BRIGHT SIDE OF LIFE,Decorative metal plaque BRIGHT SIDE OF LIFE
IN.30194,Tabliczka dekoracyjna metalowa BEAUTIFUL DAUGHTER,Decorative metal plaque BEAUTIFUL DAUGHTER
IN.30335,Tabliczka dekoracyjna metalowa HARD TO BE A WOMAN,Decorative metal plaque HARD TO BE A WOMAN
AG.6215,Zamknięcie okiennicy GIRONA,Closing the shutter GIRONA
B.KOLN-RD,Klamka okienna LINCOLN POSTARZANA,Window handle LINCOLN POSTARZANA
B.KOBL-RD,Klamka okienna BRISTOL POSTARZANA,Window handle BRISTOL POSTARZANA
B.KOBL2-RD,Klamka okienna BRISTOL II POSTARZANA,Window handle BRISTOL II POSTARZANA
B.LNKL-72-RD,Klamka LINCOLN POSTARZANA z szyldem na klucz 72 mm,Handle with key escutcheon mm LINCOLN POSTARZANA 72
B.LNWK-72-RD,Klamka LINCOLN POSTARZANA z szyldem na wkładkę 72 mm,Handle with escutcheon for insert mm LINCOLN POSTARZANA 72
B.LNBO-RD,Klamka LINCOLN POSTARZANA z szyldem bez otworu,Handle with escutcheon without opening LINCOLN POSTARZANA
B.LNWC-72-RD,Klamka LINCOLN POSTARZANA z szyldem WC 72 mm,Handle with escutcheon mm LINCOLN POSTARZANA WC 72
B.KOLN.RD.PRGR,Klamki do drzwi LINCOLN POSTARZANA,Door handles LINCOLN POSTARZANA
B.BLKL-72-RD,Klamka BRISTOL POSTARZANA z szyldem na klucz 72mm,72mm key-operated lever handle BRISTOL POSTARZANA
B.BLWC-72-RD,Klamka BRISTOL POSTARZANA z szyldem WC 72mm,Swinghandle with 72mm escutcheon BRISTOL POSTARZANA WC
B.BLBO-RD,Klamka BRISTOL POSTARZANA z szyldem bez otworu,Handle with lever handle without opening BRISTOL POSTARZANA
B.BLWK-72-RD,Klamka BRISTOL POSTARZANA z szyldem na wkładkę 72mm,72mm insert handle BRISTOL POSTARZANA
B.BL.RD.PRGR,Klamki do drzwi BRISTOL POSTARZANA,Door handles BRISTOL POSTARZANA
PT.SF22001,Rzeźba metalowa DOTYK,Metal sculpture DOTYK
PT.SF22012,Rzeźba metalowa KOLARZ,Metal sculpture KOLARZ
PT.SF22010,Rzeźba metalowa MOTOR,Metal sculpture MOTOR
PT.SF22009B,Rzeźba metalowa GARBUS,Metal sculpture GARBUS
05.070C.AI.250,Wspornik MASYWNY 300x250 mm,Bracket 300x250 mm MASYWNY
PT.L22054,Obraz metalowy 3D loft DŁONIE,Loft metal painting 3D DŁONIE
PT.L22056,Obraz metalowy 3D loft ZŁOTY AKT,Loft metal painting 3D ZŁOTY AKT
PT.L22057,Obraz metalowy 3D loft KOBIECY AKT 2,Loft metal painting 3D KOBIECY AKT 2
PT.L22307,Obraz metalowy 3D loft LADY AFRYKA 2,Loft metal painting 3D LADY AFRYKA 2
PT.22714,Obraz metalowy 3D loft DZIEWCZYNA Z GITARĄ,Loft metal painting 3D DZIEWCZYNA Z GITARĄ
PT.L22725,Obraz metalowy 3D loft KOBIETA W CZERWIENI,Loft metal painting 3D KOBIETA W CZERWIENI
PT.L22299,Obraz metalowy 3D LOFT GDAŃSK,Metal image 3D LOFT GDAŃSK
PT.L23113,Obraz metalowy 3D LOFT KRAKÓW,Metal image 3D LOFT KRAKÓW
ZA.KOBR-C10-75,Kółko VITEK 90 mm Czarne,Circle mm Black VITEK 90
RR.N01-W-CZ,Noga SLANT 71 cm CZARNA,Leg cm SLANT CZARNA 71
RR.TH-W-CZ,Noga typu H BASIC 82x71 cm CZARNA,Leg type 82x71 cm H BASIC CZARNA
RR.KRZ-W-CZ,Noga KRZYŻAK BASIC 82x71 cm CZARNA ,Noga 82x71 cm KRZYŻAK BASIC CZARNA
SE.SG61-82-P-TR,Drzwi szklane wewnętrzne loftowe FACTOR TRANSPARENTNE 80x200 Prawe,Interior loft glass door 80x200 Right FACTOR TRANSPARENTNE
SE.SG61-82-L-TR,Drzwi szklane wewnętrzne loftowe FACTOR TRANSPARENTNE 80x200 Lewe,Interior loft glass door 80x200 Left FACTOR TRANSPARENTNE
SE.SG61-82-P-MI,Drzwi szklane wewnętrzne loftowe FACTOR MLECZNE 80x200 Prawe,Interior loft glass door 80x200 Right FACTOR MLECZNE
SE.SG61-82-L-MI,Drzwi szklane wewnętrzne loftowe FACTOR MLECZNE 80x200 Lewe,Interior loft glass door 80x200 Left FACTOR MLECZNE
SE.SG61-92-P-TR,Drzwi szklane wewnętrzne loftowe FACTOR TRANSPARENTNE 90x200 Prawe,Interior loft glass door 90x200 Right FACTOR TRANSPARENTNE
SE.SG61-92-L-TR,Drzwi szklane wewnętrzne loftowe FACTOR TRANSPARENTNE 90x200 Lewe,Interior loft glass door 90x200 Left FACTOR TRANSPARENTNE
SE.SG61-92-P-MI,Drzwi szklane wewnętrzne loftowe FACTOR MLECZNE 90x200 Prawe,Interior loft glass door 90x200 Right FACTOR MLECZNE
SE.SG61-92-L-MI,Drzwi szklane wewnętrzne loftowe FACTOR MLECZNE 90x200 Lewe,Interior loft glass door 90x200 Left FACTOR MLECZNE
SE.SG61.ML.PRGR,Drzwi szklane wewnętrzne FACTOR,Internal glass doors FACTOR
SE.SG8-82-P-TR,Drzwi szklane wewnętrzne loftowe AKRON TRANSPARENTNE 80x200 Prawe,Interior loft glass door 80x200 Right AKRON TRANSPARENTNE
SE.SG8-82-L-TR,Drzwi szklane wewnętrzne loftowe AKRON TRANSPARENTNE 80x200 Lewe,Interior loft glass door 80x200 Left AKRON TRANSPARENTNE
SE.SG8-82-L-MI,Drzwi szklane wewnętrzne loftowe AKRON MLECZNE 80x200 Lewe,Interior loft glass door 80x200 Left AKRON MLECZNE
SE.SG8-92-P-TR,Drzwi szklane wewnętrzne loftowe AKRON TRANSPARENTNE 90x200 Prawe,Interior loft glass door 90x200 Right AKRON TRANSPARENTNE
SE.SG8-92-P-MI,Drzwi szklane wewnętrzne loftowe AKRON MLECZNE 90x200 Prawe,Interior loft glass door 90x200 Right AKRON MLECZNE
SE.SG8-92-L-MI,Drzwi szklane wewnętrzne loftowe AKRON MLECZNE 90x200 Lewe,Interior loft glass door 90x200 Left AKRON MLECZNE
SE.SG8-82-P-MI,Drzwi szklane wewnętrzne loftowe AKRON MLECZNE 80x200 Prawe,Interior loft glass door 80x200 Right AKRON MLECZNE
SE.SG8-92-L-TR,Drzwi szklane wewnętrzne loftowe AKRON TRANSPARENTNE 90x200 Lewe,Interior loft glass door 90x200 Left AKRON TRANSPARENTNE
SE.SG8.PRGR,Drzwi szklane wewnętrzne AKRON,Internal glass doors AKRON
70.336S.AI.58,Hak wieszakowy ELSTON,Hanger hook ELSTON
05.349.AI.45,Emblemat na kluczyk OWALNY,Emblem on the key OWALNY
01.358E.AI.90,Dzwonek do drzwi FLOWER,Doorbell FLOWER
ZA.021-C10-132,Uchwyt meblowy SIELSKI 1 czarny,Furniture handle black SIELSKI 1
ZA.SG.C3,Szafka RTV loft industrialna STRONG 1,Szafka loft industrialna RTV STRONG 1
ZA.SG.F3,Szafka RTV loft industrialna STRONG 2,Szafka loft industrialna RTV STRONG 2
ZA.SG.B3,Komoda loft industrialna STRONG,Komoda loft industrialna STRONG
ZA.SG.W3,Witryna loft industrialna STRONG,Loft industrial showcase STRONG
FLI.P-100x210,Drzwi przesuwne FLINSTON PREMIUM 100x210 Surowe,Sliding doors 100x210 Raw FLINSTON PREMIUM
FLI.P-OL-100x210,Drzwi przesuwne FLINSTON PREMIUM 100x210 Olej naturalny,Sliding doors 100x210 Natural oil FLINSTON PREMIUM
FLI.P-BR-100x210,Drzwi przesuwne FLINSTON PREMIUM 100x210 Olej brąz,Sliding door 100x210 Oil brown FLINSTON PREMIUM
FLI.P,Drzwi przesuwne FLINSTON PREMIUM,Sliding doors FLINSTON PREMIUM
QZ.MP-036.S-CZ-ZL,Bateria umywalkowa stojąca czarno-złota DORSET niska,Upright washbasin tap black-gold low DORSET
QZ.MP-036.T-CZ-ZL,Bateria umywalkowa stojąca czarno-złota DORSET wysoka,Upright washbasin mixer black-gold high DORSET
QZ.MP-037.T-CZ,Bateria umywalkowa stojąca czarna DORSET wysoka,Upright washbasin tap black high DORSET
QZ.MP-037.S-CZ,Bateria umywalkowa stojąca czarna DORSET niska,Upright washbasin tap black low DORSET
QZ.MP-001.S-CZ,Bateria umywalkowa stojąca czarna TERAMO niska,Upright washbasin tap black low TERAMO
QZ.MP-002.S-AMD,Bateria umywalkowa stojąca antyczny mosiądz TERAMO niska,Upright washbasin tap Antique brass low TERAMO
QZ.MP-003.S-RZL,Bateria umywalkowa stojąca różowe złoto TERAMO niska,Upright washbasin mixer rose gold low TERAMO
QZ.MP-001-T-CZ,Bateria umywalkowa stojąca czarna TERAMO wysoka,Upright washbasin tap black high TERAMO
QZ.MP-002.T-AMD,Bateria umywalkowa stojąca antyczny mosiądz TERAMO wysoka,Upright washbasin mixer Antique brass high TERAMO
QZ.MP-003.T-RZL,Bateria umywalkowa stojąca różowe złoto TERAMO wysoka,Upright wash basin mixer rose gold high TERAMO
QZ.MP-023.S-CZ,Bateria umywalkowa stojąca czarna PORTO niska,Upright washbasin tap black low PORTO
QZ.MP-023.S-AMD,Bateria umywalkowa stojąca antyczny mosiądz PORTO niska,Upright washbasin tap Antique brass low PORTO
QZ.MP-023.S-RZL,Bateria umywalkowa stojąca różowe złoto PORTO niska ,Upright washbasin mixer rose gold low PORTO
QZ.MP-023.T-CZ,Bateria umywalkowa stojąca czarna PORTO wysoka,Upright washbasin tap black high PORTO
QZ.MP-023.T-AMD,Bateria umywalkowa stojąca antyczny mosiądz PORTO wysoka,Upright washbasin mixer Antique brass high PORTO
QZ.MP-023.T-RZL,Bateria umywalkowa stojąca różowe złoto PORTO wysoka,Upright wash basin mixer rose gold high PORTO
QZ.MP-057.S-CZ,Bateria umywalkowa stojąca czarna ROSE niska,Upright washbasin tap black low ROSE
QZ.CF-004-CZ,Bateria kuchenna stojąca czarna PRATO,Upright kitchen mixer black PRATO
QZ.CF-004-AMD,Bateria kuchenna stojąca antyczny mosiądz PRATO,"Kitchen mixer, upright Antique brass PRATO"
QZ.CF-004-RZL,Bateria kuchenna stojąca różowe złoto PRATO,Upright kitchen mixer rose gold PRATO
QZ.CF-057-CZ,Bateria kuchenna stojąca czarna PLAIN,Upright kitchen mixer black PLAIN
QZ.CF-015-CZ,Bateria kuchenna stojąca czarna BRAND ,Upright kitchen mixer black BRAND
QZ.CF-00103-CZ,Bateria kuchenna stojąca czarna RONDA,Upright kitchen mixer black RONDA
QZ.CF-00103-AZL,Bateria kuchenna stojąca antyczne złoto RONDA,Stand mixer for kitchens Antique gold RONDA
QZ.CF-00103-RZL,Bateria kuchenna stojąca różowe złoto RONDA,Upright kitchen mixer rose gold RONDA
QZ.CF-023-RZL,Bateria kuchenna stojąca różowe złoto SWAN,Upright kitchen mixer rose gold SWAN
QZ.CF-023-AZL,Bateria kuchenna stojąca antyczne złoto SWAN,Stand mixer for kitchens Antique gold SWAN
QZ.CF-023-CZ,Bateria kuchenna stojąca czarna SWAN ,Upright kitchen mixer black SWAN
QZ.CF-011-AZL,Bateria kuchenna stojąca antyczne złoto WORLDWIDE,Stand mixer for kitchens Antique gold WORLDWIDE
QZ.CF-011-RZL,Bateria kuchenna stojąca różowe złoto WORLDWIDE,Upright kitchen mixer rose gold WORLDWIDE
QZ.CF-022-CZ,Bateria kuchenna stojąca czarna BENT,Upright kitchen mixer black BENT
QZ.CF-022-RZL,Bateria kuchenna stojąca różowe złoto BENT ,Upright kitchen mixer rose gold BENT
QZ.CF-022-AZL,Bateria kuchenna stojąca antyczne złoto BENT ,Stand mixer for kitchens Antique gold BENT
QZ.CF-156-CZ,Bateria kuchenna stojąca czarna SLENDER,Upright kitchen mixer black SLENDER
QZ.CF-135-RZL,Bateria kuchenna stojąca różowe złoto CORNY,Upright kitchen mixer rose gold CORNY
SE.BLT.SE-80X140,Blat drewniany PORSA 80x140 cm Orzech Włoski,Wooden top 80x140 cm Italian Walnut PORSA
SE.BLT.SE-90X160,Blat drewniany PORSA 90x160 cm Orzech Włoski,Wooden top 90x160 cm Walnut PORSA
SE.BLT.SE-100X210,Blat drewniany PORSA 100x210 cm Orzech Włoski,Wooden top 100x210 cm Walnut PORSA
SE.BLT.SE-PRGR,Blat PORSA,Blat PORSA
